review_id,example_id,model_name,article_excerpt,reference_summary,prediction,missing_key_fact,hallucination,entity_error,repetition,over_compression,notes
1,f001ec5c4704938247d27a44948eebb37ae98d01,sshleifer/distilbart-cnn-6-6,"(CNN)The Palestinian Authority officially became the 123rd member of the International Criminal Court on Wednesday, a step that gives the court jurisdiction over alleged crimes in Palestinian territories. The formal accession was marked with a ceremony at The Hague, in the Netherlands, where the court is based. The Palestinians signed the ICC's founding Rome Statute in January, when they also accepted its jurisdiction over alleged crimes committed ""in the occupied Palestinian territory, including East Jerusalem, since June 13, 2014."" Later that month, the ICC opened a preliminary examination into the situation in Palestinian territories, paving the way for possible war crimes investigations against Israelis. As members of the court, Palestinians may be subject to counter-charges as well. Israel and the United States, neither of which is an ICC member, opposed the Palestinians' efforts...","Membership gives the ICC jurisdiction over alleged crimes committed in Palestinian territories since last June . Israel and the United States opposed the move, which could open the door to war crimes investigations against Israelis .","The Palestinian Authority officially becomes the 123rd member of the International Criminal Court . The move gives the court jurisdiction over alleged crimes in Palestinian territories . Israel and the United States, neither of which is an ICC member, opposed the Palestinians' efforts to join the body . The United States says it ""strongly"" disagreed with the court",,,,,,
2,230c522854991d053fe98a718b1defa077a8efef,sshleifer/distilbart-cnn-6-6,"(CNN)Never mind cats having nine lives. A stray pooch in Washington State has used up at least three of her own after being hit by a car, apparently whacked on the head with a hammer in a misguided mercy killing and then buried in a field -- only to survive. That's according to Washington State University, where the dog -- a friendly white-and-black bully breed mix now named Theia -- has been receiving care at the Veterinary Teaching Hospital. Four days after her apparent death, the dog managed to stagger to a nearby farm, dirt-covered and emaciated, where she was found by a worker who took her to a vet for help. She was taken in by Moses Lake, Washington, resident Sara Mellado. ""Considering everything that she's been through, she's incredibly gentle and loving,"" Mellado said, according to WSU News. ""She's a true miracle dog and she deserves a good life."" Theia is only one year old bu...","Theia, a bully breed mix, was apparently hit by a car, whacked with a hammer and buried in a field . ""She's a true miracle dog and she deserves a good life,"" says Sara Mellado, who is looking for a home for Theia .","Theia, a white-and-black bully breed mix, survived after being hit by a car and buried in a field . She was found four days later by a worker who took her to a vet for help . She suffered a dislocated jaw, leg injuries and a caved-in sinus cavity .",,,,,,
3,4495ba8f3a340d97a9df1476f8a35502bcce1f69,sshleifer/distilbart-cnn-6-6,"(CNN)If you've been following the news lately, there are certain things you doubtless know about Mohammad Javad Zarif. He is, of course, the Iranian foreign minister. He has been U.S. Secretary of State John Kerry's opposite number in securing a breakthrough in nuclear discussions that could lead to an end to sanctions against Iran -- if the details can be worked out in the coming weeks. And he received a hero's welcome as he arrived in Iran on a sunny Friday morning. ""Long live Zarif,"" crowds chanted as his car rolled slowly down the packed street. You may well have read that he is ""polished"" and, unusually for one burdened with such weighty issues, ""jovial."" An Internet search for ""Mohammad Javad Zarif"" and ""jovial"" yields thousands of results. He certainly has gone a long way to bring Iran in from the cold and allow it to rejoin the international community. But there are some facts...",Mohammad Javad Zarif has spent more time with John Kerry than any other foreign minister . He once participated in a takeover of the Iranian Consulate in San Francisco . The Iranian foreign minister tweets in English .,Mohammad Javad Zarif has been U.S. Secretary of State John Kerry's opposite number in securing a breakthrough in nuclear discussions . He has gone a long way to bring Iran in from the cold and allow it to rejoin the international community . But there are some facts about Zarif that are less well-known .,,,,,,
4,a38e72fed88684ec8d60dd5856282e999dc8c0ca,sshleifer/distilbart-cnn-6-6,"(CNN)Five Americans who were monitored for three weeks at an Omaha, Nebraska, hospital after being exposed to Ebola in West Africa have been released, a Nebraska Medicine spokesman said in an email Wednesday. One of the five had a heart-related issue on Saturday and has been discharged but hasn't left the area, Taylor Wilson wrote. The others have already gone home. They were exposed to Ebola in Sierra Leone in March, but none developed the deadly virus. They are clinicians for Partners in Health, a Boston-based aid group. They all had contact with a colleague who was diagnosed with the disease and is being treated at the National Institutes of Health in Bethesda, Maryland. As of Monday, that health care worker is in fair condition. The Centers for Disease Control and Prevention in Atlanta has said the last of 17 patients who were being monitored are expected to be released by Thursda...",17 Americans were exposed to the Ebola virus while in Sierra Leone in March . Another person was diagnosed with the disease and taken to hospital in Maryland . National Institutes of Health says the patient is in fair condition after weeks of treatment .,"One of the five had a heart-related issue on Saturday and has been discharged but hasn't left the area . They are clinicians for Partners in Health, a Boston-based aid group . They were exposed to Ebola in Sierra Leone in March, but none developed the deadly virus .",,,,,,
5,c27cf1b136cc270023de959e7ab24638021bc43f,sshleifer/distilbart-cnn-6-6,"(CNN)A Duke student has admitted to hanging a noose made of rope from a tree near a student union, university officials said Thursday. The prestigious private school didn't identify the student, citing federal privacy laws. In a news release, it said the student was no longer on campus and will face student conduct review. The student was identified during an investigation by campus police and the office of student affairs and admitted to placing the noose on the tree early Wednesday, the university said. Officials are still trying to determine if other people were involved. Criminal investigations into the incident are ongoing as well. Students and faculty members marched Wednesday afternoon chanting ""We are not afraid. We stand together,"" after pictures of the noose were passed around on social media. At a forum held on the steps of Duke Chapel, close to where the noose was discover...","Student is no longer on Duke University campus and will face disciplinary review . School officials identified student during investigation and the person admitted to hanging the noose, Duke says . The noose, made of rope, was discovered on campus about 2 a.m.","The student was identified during an investigation by campus police and the office of student affairs . The private school didn't identify the student, citing federal privacy laws . The student is no longer on campus and will face student conduct review, the university says . The incident is one of several recent racist events to affect college students .",,,,,,
6,1b2cc634e2bfc6f2595260e7ed9b42f77ecbb0ce,sshleifer/distilbart-cnn-6-6,"(CNN)He's a blue chip college basketball recruit. She's a high school freshman with Down syndrome. At first glance Trey Moses and Ellie Meredith couldn't be more different. But all that changed Thursday when Trey asked Ellie to be his prom date. Trey -- a star on Eastern High School's basketball team in Louisville, Kentucky, who's headed to play college ball next year at Ball State -- was originally going to take his girlfriend to Eastern's prom. So why is he taking Ellie instead? ""She's great... she listens and she's easy to talk to"" he said. Trey made the prom-posal (yes, that's what they are calling invites to prom these days) in the gym during Ellie's P.E. class. Trina Helson, a teacher at Eastern, alerted the school's newspaper staff to the prom-posal and posted photos of Trey and Ellie on Twitter that have gone viral. She wasn't surpristed by Trey's actions. ""That's the kind of...","College-bound basketball star asks girl with Down syndrome to high school prom . Pictures of the two during the ""prom-posal"" have gone viral .","Trey Moses asked Ellie Meredith to be his prom date in the gym during her P.E. class . Ellie has Down syndrome and has struggled with friendships since elementary school . Trey's future coach says he felt great about the prom-posal, noting that Trey often works with other kids .",,,,,,
7,e2706dce6cf26bc61b082438188fdb6e130d9e40,sshleifer/distilbart-cnn-6-6,"(CNN)Governments around the world are using the threat of terrorism -- real or perceived -- to advance executions, Amnesty International alleges in its annual report on the death penalty. ""The dark trend of governments using the death penalty in a futile attempt to tackle real or imaginary threats to state security and public safety was stark last year,"" said Salil Shetty, Amnesty's Secretary General in a release. ""It is shameful that so many states around the world are essentially playing with people's lives -- putting people to death for 'terrorism' or to quell internal instability on the ill-conceived premise of deterrence."" The report, ""Death Sentences and Executions 2014,"" cites the example of Pakistan lifting a six-year moratorium on the execution of civilians following the horrific attack on a school in Peshawar in December. China is also mentioned, as having used the death pen...","Amnesty's annual death penalty report catalogs encouraging signs, but setbacks in numbers of those sentenced to death . Organization claims that governments around the world are using the threat of terrorism to advance executions . The number of executions worldwide has gone down by almost 22% compared with 2013, but death sentences up by 28% .","At least 607 people were executed around the world in 2014, compared to 778 in 2013 . The number of executions worldwide has gone down by almost 22% on the previous year . At least 2,466 people globally are confirmed to have been handed the sentence last year, an increase of 28% compared with 2013 .",,,,,,
8,0d3c8c276d079c4c225f034c69aa024cdab7869d,sshleifer/distilbart-cnn-6-6,"(CNN)Andrew Getty, one of the heirs to billions of oil money, appears to have died of natural causes, a Los Angeles Police Department spokesman said. The coroner's preliminary assessment is there was no foul play involved in the death of Getty, grandson of oil tycoon J. Paul Getty, said Detective Meghan Aguilar. Andrew Getty, 47, had ""several health issues,"" Aguilar said, adding that an autopsy will be conducted. There is no criminal investigation underway, he said. Some medication had also been recovered from Getty's home, though investigators don't know whether Getty was taking it or what his medical history was, Ed Winter, assistant chief in the Los Angeles County coroner's office, told CNN affiliate KTLA Tuesday night. KTLA reported that Getty was found on his side near a bathroom in his home. Getty's parents, Ann and Gordon Getty, released a statement confirming their son's death...","Andrew Getty's death appears to be from natural causes, police say, citing coroner's early assessment . In a petition for a restraining order, Getty had written he had a serious medical condition. Police say this is not a criminal matter at this time .","The coroner's preliminary assessment is there was no foul play involved in the death of Andrew Getty, police say . The 47-year-old was found on his side near a bathroom in his home, KTLA reports . His parents, Ann and Gordon Getty, released a statement confirming their son's death .",,,,,,
9,6222f33c2c79b80be437335eeb3f488509e92cf5,sshleifer/distilbart-cnn-6-6,"(CNN)Filipinos are being warned to be on guard for flash floods and landslides as tropical storm Maysak approached the Asian island nation Saturday. Just a few days ago, Maysak gained super typhoon status thanks to its sustained 150 mph winds. It has since lost a lot of steam as it has spun west in the Pacific Ocean. It's now classified as a tropical storm, according to the Philippine national weather service, which calls it a different name, Chedeng. It boasts steady winds of more than 70 mph (115 kph) and gusts up to 90 mph as of 5 p.m. (5 a.m. ET) Saturday. Still, that doesn't mean Maysak won't pack a wallop. Authorities took preemptive steps to keep people safe such as barring outdoor activities like swimming, surfing, diving and boating in some locales, as well as a number of precautionary evacuations. Gabriel Llave, a disaster official, told PNA that tourists who arrive Saturday...","Once a super typhoon, Maysak is now a tropical storm with 70 mph winds . It could still cause flooding, landslides and other problems in the Philippines .",Maysak is now classified as a tropical storm . It's expected to make landfall Sunday morning on the southeastern coast of Isabela province and be out of the Philippines by Monday . The storm is centered 200 miles southwest of Aurora province as of 5 p.m. (5 a.M. ET),,,,,,
10,2bd8ada1de6a7b02f59430cc82045eb8d29cf033,sshleifer/distilbart-cnn-6-6,"(CNN)For the first time in eight years, a TV legend returned to doing what he does best. Contestants told to ""come on down!"" on the April 1 edition of ""The Price Is Right"" encountered not host Drew Carey but another familiar face in charge of the proceedings. Instead, there was Bob Barker, who hosted the TV game show for 35 years before stepping down in 2007. Looking spry at 91, Barker handled the first price-guessing game of the show, the classic ""Lucky Seven,"" before turning hosting duties over to Carey, who finished up. Despite being away from the show for most of the past eight years, Barker didn't seem to miss a beat.","Bob Barker returned to host ""The Price Is Right"" on Wednesday . Barker, 91, had retired as host in 2007 .","Bob Barker hosted the TV game show for 35 years before stepping down in 2007 . He handled the first price-guessing game of the show, the classic ""Lucky Seven"" The 91-year-old didn't seem to miss a beat on the April 1 edition of ""The Price Is Right""",,,,,,
11,ee17dfb574feca82ccac5689595e47483bd23f12,sshleifer/distilbart-cnn-6-6,"London (CNN)A 19-year-old man was charged Wednesday with terror offenses after he was arrested as he returned to Britain from Turkey, London's Metropolitan Police said. Yahya Rashid, a UK national from northwest London, was detained at Luton airport on Tuesday after he arrived on a flight from Istanbul, police said. He's been charged with engaging in conduct in preparation of acts of terrorism, and with engaging in conduct with the intention of assisting others to commit acts of terrorism. Both charges relate to the period between November 1 and March 31. Rashid is due to appear in Westminster Magistrates' Court on Wednesday, police said. CNN's Lindsay Isaac contributed to this report.",London's Metropolitan Police say the man was arrested at Luton airport after landing on a flight from Istanbul . He's been charged with terror offenses allegedly committed since the start of November .,"Yahya Rashid, a UK national from northwest London, was detained at Luton airport on Tuesday . He's been charged with engaging in conduct in preparation of acts of terrorism, and with the intention of assisting others to commit terrorism . Both charges relate to the period between November 1 and March 31 .",,,,,,
12,384175be1c8d41610fbeddbd9d9cb46e716e2529,sshleifer/distilbart-cnn-6-6,"(CNN)Paul Walker is hardly the first actor to die during a production. But Walker's death in November 2013 at the age of 40 after a car crash was especially eerie given his rise to fame in the ""Fast and Furious"" film franchise. The release of ""Furious 7"" on Friday offers the opportunity for fans to remember -- and possibly grieve again -- the man that so many have praised as one of the nicest guys in Hollywood. ""He was a person of humility, integrity, and compassion,"" military veteran Kyle Upham said in an email to CNN. Walker secretly paid for the engagement ring Upham shopped for with his bride. ""We didn't know him personally but this was apparent in the short time we spent with him. I know that we will never forget him and he will always be someone very special to us,"" said Upham. The actor was on break from filming ""Furious 7"" at the time of the fiery accident, which also claimed...","""Furious 7"" pays tribute to star Paul Walker, who died during filming . Vin Diesel: ""This movie is more than a movie"" ""Furious 7"" opens Friday .","The release of ""Furious 7"" on Friday offers the opportunity for fans to remember Paul Walker . ""He was a person of humility, integrity, and compassion,"" military veteran Kyle Upham says . Walker secretly paid for the engagement ring he shopped for with his bride .",,,,,,
13,203886369feea77bbc35715e6d7e518b751f57de,sshleifer/distilbart-cnn-6-6,"(CNN)Seventy years ago, Anne Frank died of typhus in a Nazi concentration camp at the age of 15. Just two weeks after her supposed death on March 31, 1945, the Bergen-Belsen concentration camp where she had been imprisoned was liberated -- timing that showed how close the Jewish diarist had been to surviving the Holocaust. But new research released by the Anne Frank House shows that Anne and her older sister, Margot Frank, died at least a month earlier than previously thought. Researchers re-examined archives of the Red Cross, the International Training Service and the Bergen-Belsen Memorial, along with testimonies of survivors. They concluded that Anne and Margot probably did not survive to March 1945 -- contradicting the date of death which had previously been determined by Dutch authorities. In 1944, Anne and seven others hiding in the Amsterdam secret annex were arrested and sent...",Museum: Anne Frank died earlier than previously believed . Researchers re-examined archives and testimonies of survivors . Anne and older sister Margot Frank are believed to have died in February 1945 .,"Researchers re-examined archives of the Red Cross, the International Training Service and the Bergen-Belsen Memorial . They concluded that Anne and Margot Frank probably did not survive to March 1945 -- contradicting the date of death which had previously been determined by Dutch authorities .",,,,,,
14,1dd00c89d71a5611797bb34da8a6eada8f058405,sshleifer/distilbart-cnn-6-6,"(CNN)A year ago Bloomberg published a story with the following headline: Mike Pence, a Koch Favorite, Mulls 2016 Run for President. The story ticked off items on Pence's conservative things-to-do list while also noting his close ties to the deep-pocketed Koch brothers, as well as other right-wing lobbying groups. Last August the Indiana governor was in Dallas for an Americans for Prosperity event; the group is backed by the conservative Koch brothers, and supported Gov. Pence's tax-slashing budget. Now, Pence is drawing huge heat for his controversial decision to sign a religious freedom law last week that opens the door to discrimination against gays and lesbians. Why would Pence ignore the pleas of Indiana's Chamber of Commerce as well as the Republican mayor of his state capital and sign such a bill? Because there's a very powerful wing of his party that wants a conservative as its...","LZ: Indiana law pushing back LGBT rights, and other states' anti-LGBT moves, bow to far right wing that GOP candidates need for 2016 . Cruz, Huckabee, Jindal, Carson, Walker are reviving culture wars, he says. Equality for LGBT has not yet ""won"" in America .",Mike Pence signed a religious freedom law last week that opens the door to discrimination against gays and lesbians . Julian Zelizer: Pence has scored a lot of points this week among ultraconservatives . He says the issue of LGBT rights will turn numerous Americans into single-issue voters .,,,,,,
15,eeafdc8b2d8130cabda5aafe352eab1198d0b9f8,sshleifer/distilbart-cnn-6-6,"(CNN)If you're famous and performing the American national anthem, be prepared to become a national hero or a national disgrace. Facts are facts. Just ask Vince, Whitney, Roseanne, Jimi and Michael. Mötley Crüe's Vince Neil reminded us again this week of the dangers of tackling ""The Star-Spangled Banner."" Sure, he can shred it on ""Girls, Girls, Girls"" and ""Dr. Feelgood,"" but this is a different story -- a completely different story. To say Neil butchered the song before the Las Vegas Outlaws Arena Football League game would be unkind to those in the profession. There's less carnage when butchers are done with their work. The late Whitney Houston set the modern standard for the national anthem at Super Bowl XXV. In the early stages of the Gulf War in 1991, a patriotic America saluted her performance. Just six months earlier, comedian Roseanne Barr may have established the low-water mar...",Singing the national anthem is a risky proposition . Whitney Houston nailed it; Roseanne Barr destroyed it .,"Mötley Crüe's Vince Neil reminded us again this week of the dangers of tackling ""The Star-Spangled Banner"" The late Whitney Houston set the modern standard for the national anthem at Super Bowl XXV . In the early stages of the Gulf War in 1991, a patriotic America saluted her performance .",,,,,,
16,dc833f8b55e381011ce23f89ea909b9a141b5a66,sshleifer/distilbart-cnn-6-6,"(CNN)As goes Walmart, so goes the nation? Everyone from Apple CEO Tim Cook to the head of the NCAA slammed religious freedom laws being considered in several states this week, warning that they would open the door to discrimination against gay and lesbian customers. But it was the opposition from Walmart, the ubiquitous retailer that dots the American landscape, that perhaps resonated most deeply, providing the latest evidence of growing support for gay rights in the heartland. Walmart's staunch criticism of a religious freedom law in its home state of Arkansas came after the company said in February it would boost pay for about 500,000 workers well above the federal minimum wage. Taken together, the company is emerging as a bellwether for shifting public opinion on hot-button political issues that divide conservatives and liberals. And some prominent Republicans are urging the party...","While Republican Gov. Asa Hutchinson was weighing an Arkansas religious freedom bill, Walmart voiced its opposition . Walmart and other high-profile businesses are showing their support for gay and lesbian rights . Their stance puts them in conflict with socially conservative Republicans, traditionally seen as allies .","Walmart is emerging as a bellwether for shifting public opinion on hot-button political issues that divide conservatives and liberals . Former Minnesota Gov. Tim Pawlenty says Walmart's actions ""foreshadow where the Republican Party will need to move"" The backlash over religious freedom measures in Indiana and Arkansas this week is shining a bright light on the broader business community",,,,,,
17,c222979bd1cfbc7d3ff821e9c738e3dbd29b14f4,sshleifer/distilbart-cnn-6-6,"(CNN)On May 28, 2014, some 7,000 people gathered in a stadium in China's northwestern Xinjiang region. But they had not come to watch the local football team or any other grand sporting event. Instead, the authorities paraded scores of prisoners dressed in orange jumpsuits. Armed soldiers guarded the exits. In the patently unfair, open air trial that followed, 55 people were found guilty of a range of offenses linked to violent attacks in the region and jailed. Three were sentenced to death. The public mass sentencing was part a China's ""Strike Hard"" campaign against unrest in Xinjiang, a campaign the government claims was launched to combat ""terrorism"" and ""separatism."" But it was also indicative of a trend that was starkly evident last year around the world -- governments using the death penalty in a misguided, and often cynical, attempt to tackle crime and terrorism. Today, Amnesty...",Amnesty International releases its annual review of the death penalty worldwide; much of it makes for grim reading . Salil Shetty: Countries that use executions to deal with problems are on the wrong side of history .,"Amnesty International releases its annual review of the death penalty worldwide . The number of executions recorded around the world dropped significantly in 2014 compared with the previous year . In Indonesia, authorities announced plans to execute mainly drug traffickers to tackle a public safety ""national emergency"" The Americas continued to be execution-free, apart from the United States .",,,,,,
18,469c6ac05092ca5997728c9dfc19f9ab6b936e40,sshleifer/distilbart-cnn-6-6,"Marseille, France (CNN)The French prosecutor leading an investigation into the crash of Germanwings Flight 9525 insisted Wednesday that he was not aware of any video footage from on board the plane. Marseille prosecutor Brice Robin told CNN that ""so far no videos were used in the crash investigation."" He added, ""A person who has such a video needs to immediately give it to the investigators."" Robin's comments follow claims by two magazines, German daily Bild and French Paris Match, of a cell phone video showing the harrowing final seconds from on board Germanwings Flight 9525 as it crashed into the French Alps. All 150 on board were killed. Paris Match and Bild reported that the video was recovered from a phone at the wreckage site. The two publications described the supposed video, but did not post it on their websites. The publications said that they watched the video, which was fou...","Marseille prosecutor says ""so far no videos were used in the crash investigation"" despite media reports . Journalists at Bild and Paris Match are ""very confident"" the video clip is real, an editor says . Andreas Lubitz had informed his Lufthansa training school of an episode of severe depression, airline says .",French prosecutor says he is not aware of any video footage from the crash site . German airline Lufthansa confirms co-pilot Andreas Lubitz had battled depression years before he took the controls of Germanwings Flight 9525 . All 150 on board were killed in the crash in the French Alps .,,,,,,
19,88e7dac40f3e6c159e4edc0747d0cc0f50886fbb,sshleifer/distilbart-cnn-6-6,"(CNN)The Rev. Robert H. Schuller, California televangelist and founder of the television ministry ""Hour of Power,"" died Thursday, according to his family. He was 88 years old. Schuller, also the founder of Crystal Cathedral megachurch, had been diagnosed with esophageal cancer in August 2013, a release from ""Hour of Power"" said. ""My father-in-law passed away peacefully early this morning. He was a great Dad and a great man of God,"" said Schuller's daughter-in-law, Donna Schuller, in a Twitter message. Schuller's life followed an almost Shakespearean arc. He was born in a Iowa farmhouse without running water and longed to preach from his earliest days. In his autobiography, ""Prayer: My Soul's Adventure with God,"" he described standing alone by a river and picturing himself delivering sermons to a rapt congregation. After attending a Hope College and Western Theological Seminary in Mich...","The Rev. Robert Schuller, 88, had been diagnosed with esophageal cancer in 2013 . His TV show, ""Hour of Power,"" was enormously popular in the 1970s and 1980s .","The Rev. Robert H. Schuller had been diagnosed with esophageal cancer in August 2013 . He was the founder of the television ministry ""Hour of Power"" He was born in a Iowa farmhouse without running water and longed to preach from his earliest days . His life followed an almost Shakespearean arc .",,,,,,
20,ec4b5fef725b4cc81545689603ff84c8e19bd6dc,sshleifer/distilbart-cnn-6-6,"(CNN)Michele Bachmann is comparing President Obama to the co-pilot of the doomed Germanwings flight. ""With his Iran deal, Barack Obama is for the 300 million souls of the United States what Andreas Lubitz was for the 150 souls on the German Wings flight - a deranged pilot flying his entire nation into the rocks,"" the Minnesota Republican and former representative wrote in a Facebook comment posted March 31. ""After the fact, among the smoldering remains of American cities, the shocked survivors will ask, why did he do it?"" Andreas Lubitz, the co-pilot of Germanwings Flight 9525, is accused by authorities of deliberately crashing the plane in the French Alps. He died in the crash along with 149 other crew and passengers. The motive of the March 24 crash is under investigation, though investigators are looking in to whether Lubitz feared a medical condition would cause him to lose his pi...","Former GOP representative compares President Obama to Andreas Lubitz . Bachmann said with possible Iran deal, Obama will fly ""entire nation into the rocks"" Reaction on social media? She was blasted by Facebook commenters .","Michele Bachmann compares President Obama to Andreas Lubitz, the co-pilot of the doomed Germanwings flight . ""With his Iran deal, Barack Obama is for the 300 million souls of the United States,"" she wrote in a Facebook comment . Bachmann is no stranger to voicing her opinion on the President's dealing",,,,,,
21,ffff11a2f44d731cd80c86819a89b7e227581415,sshleifer/distilbart-cnn-6-6,"Norfolk, Virginia (CNN)The second mate of the Houston Express probably couldn't believe what he was seeing. Hundreds of miles from land there was a small boat nearby. At first it looked abandoned. It was in bad shape, listing to one side. The crew of the 1,000-foot long container ship thought it was a yacht that had wrecked. Incredibly, as they got closer, they saw there was a man on it, signaling for help. ""He was moving, walking around, waving to us and in surprisingly good condition,"" Capt. Thomas Grenz told CNN by phone Friday. That man, Louis Jordan, 37, had an amazing story. He'd been drifting on the 35-foot Pearson sailboat for more than two months since leaving Conway, South Carolina, to fish in the ocean. Just a few days into his trip, a storm capsized his boat and broke his mast. One of his shoulders was broken, too, so he couldn't fix the boat right away. Eventually he was...","Father: ""I know he went through what he went through"" Louis Jordan was found on his sailboat, which was listing and in bad shape, rescuer says . He appears to be in good shape, physically and mentally .","Louis Jordan, 37, had been drifting on the 35-foot Pearson sailboat for more than two months . A storm capsized his boat and broke his mast, so he couldn't fix it right away . After his food and water ran out, it became an issue of survival .",,,,,,
22,c7caf9181c2e94a79d9102da6e11cde48c880aa5,sshleifer/distilbart-cnn-6-6,"(CNN)The United States and its negotiating partners reached a very strong framework agreement with Iran in Lausanne, Switzerland, on Thursday that limits Iran's nuclear program in such a way as to effectively block it from building a nuclear weapon. Expect pushback anyway, if the recent past is any harbinger. Just last month, in an attempt to head off such an agreement, House Speaker John Boehner invited Israeli Prime Minister Benjamin Netanyahu to preemptively blast it before Congress, and 47 senators sent a letter to the Iranian leadership warning them away from a deal. The debate that has already begun since the announcement of the new framework will likely result in more heat than light. It will not be helped by the gathering swirl of dubious assumptions and doubtful assertions. Let us address some of these: . The most misleading assertion, despite universal rejection by experts,...","Richard Klass: Iran framework agreement on nukes is strong, but opponents will cast doubts on this and try to obscure its facts . He says the deal would cut uranium stockpile, centrifuges, implement rigorous inspections; it should be judged on merits, not disinformation .",The U.S. and its negotiating partners reached a framework agreement with Iran on Thursday that limits Iran's nuclear program in such a way as to effectively block it from building a nuclear weapon . Peter Bergen: The debate that has already begun since the announcement of the new framework will likely result in more heat than light .,,,,,,
23,b21cd549314996de79ba0ca2636c8ced66468267,sshleifer/distilbart-cnn-6-6,"Los Angeles (CNN)It's more than just one state's internal problem. The historic California drought hurts the rest of the union, too. That's because California is a breadbasket to the nation, growing more than a third of its vegetables and nearly two-thirds of its fruits and nuts. Here's why we should heed the ongoing drought in the most populous state, a slowly expanding natural disaster now in its fourth year that this week prompted Gov. Jerry Brown to announce a mandatory 25% cutback in water consumption in all cities. In 2014, one expert predicted consumers would pay more for some groceries because of the California drought. He was often right, according to statistics gathered by Timothy Richards, agribusiness professor at Arizona State University. Prices rose last year for these items on your kitchen table: . • Berries rose in price by about 80 cents per clamshell to $3.88 . • Bro...","Americans paid more for some fruits and vegetables last year because of the drought . Tourists will now have to ask for a glass of water at a California restaurant . Perhaps the only good thing is another ""great"" wine grape harvest last year .","California is a breadbasket to the nation, growing more than a third of its vegetables and nearly two-thirds of its fruits and nuts . In 2014, one expert predicted consumers would pay more for some groceries because of the California drought . Overall prices are expected to rise this year because of inflation, U.S.",,,,,,
24,17412737648b2cad59669560765fcb5169fc8116,sshleifer/distilbart-cnn-6-6,"(CNN)The FBI charged a Philadelphia woman on Thursday with trying to travel overseas to fight for ISIS. She's one of three women arrested this week on terror charges. Two New York women were also taken into custody. An FBI complaint cites numerous social media messages dating back to August 2013 that were sent by Keonna Thomas, 30, also known as ""Young Lioness"" and ""Fatayat Al Khilafah."" One Twitter message said, ""If we truly knew the realities ... we all would be rushing to join our brothers in the front lines pray ALLAH accept us as shuhada [martyrs]."" Another said, ""When you're a mujahid [violent jihadi fighter] your death becomes a wedding."" The FBI said Thomas purchased an electronic visa to Turkey on March 23. Turkey is known as the easiest place from which to enter Syria and join ISIS. An ISIS manual advises recruits to buy round-trip tickets to vacation spots such as Spain and...","The FBI cites social media messages sent by Keonna Thomas, 30 . She's accused of trying to travel overseas to join ISIS . Thomas is one of three women facing federal terror charges this week .","Keonna Thomas, 30, is one of three women arrested this week on terror charges . She was charged with knowingly attempting to provide material support and resources to a designated foreign terrorist organization . The FBI says Thomas purchased an electronic visa to Turkey on March 23 . She could be sentenced to 15 years in prison .",,,,,,
25,970f75d6e5b23e11c15b05c59a109ccbb160b289,sshleifer/distilbart-cnn-6-6,"(CNN)Since Iran's Islamic Revolution in 1979, women have been barred from attending most sports events involving men. But the situation appears set to improve in the coming months after a top Iranian sports official said that the ban will be lifted for some events. A plan to allow ""women and families"" to enter sports stadiums will come into effect in the next year, Deputy Sports Minister Abdolhamid Ahmadi said Saturday, according to state-run media. But it isn't clear exactly which games women will be able to attend. According to the state-run Press TV, Ahmadi said the restrictions would be lifted for indoor sports events. The rules won't change for all matches because some sports are mainly related to men and ""families are not interested in attending"" them, Press TV cited him as saying. Iranian authorities imposed the ban on women attending men's sports events after the revolution, d...","Iranian sports official: The ban will be lifted for some events in the coming year . But he says ""families are not interested in attending"" some sports matches .",Iranian authorities imposed the ban on women attending men's sports events after the Islamic Revolution in 1979 . The ban was reinstated in 2005 after the more hard-line Mahmoud Ahmadinejad came to power . Iran had been in the running to host the 2019 edition of soccer's Asian Cup .,,,,,,
26,9f051fe922a8f45b315a366a5af1aab58d93f050,sshleifer/distilbart-cnn-6-6,"(CNN)Just as mimeograph machines and photocopiers were in their day, online activity -- blogs, YouTube channels, even social media platforms like Facebook and Twitter -- have fully emerged as the alternative to traditional mainstream media. It is not just the low cost of posting online that attracts dissidence, though that in itself is liberating. It is the lack of access to traditional print and broadcast media in authoritarian countries that is really the driving force leading disaffected voices to post online. It is not unique to Asia, but it might seem more pronounced if you live there. Going online has become the path of least resistance if you want to make yourself heard. But it still brings resistance, some of it legal, some of it deadly. Let's look at the legal angle first. Amos Yee, the teenage video blogger who was arrested and held pending bail Sunday in Singapore, drew int...","Going online has become the path of least resistance if you want to make yourself heard . But where there is the restrictive rule of law, journalists are vulnerable to the anger of officialdom . From China to Malaysia, journalists and bloggers have been jailed -- even killed .","Online activity has become the path of least resistance if you want to make yourself heard . But it is not just the low cost of posting online that attracts dissidence, though that in itself is liberating . It is the lack of access to traditional print and broadcast media in authoritarian countries that is really the driving force leading disaffected voices",,,,,,
27,202a51397a4de6483e6a7427d1952c46fca69d81,sshleifer/distilbart-cnn-6-6,"(CNN)When singer Avril Lavigne went missing from the music scene, there was tons of speculation. Was she pregnant? In rehab? Going through a split from her husband, Nickelback front man Chad Kroeger? Focus on the mystery intensified in December after a fan Twitter account posted a direct message from Lavigne when she solicited prayers, saying she was ""having some health issues."" Now the Canadian singer has revealed to People magazine that she was bedridden for five months after contracting Lyme disease. ""I felt like I couldn't breathe, I couldn't talk, and I couldn't move,"" she told the magazine. ""I thought I was dying."" Lyme disease: What you should know . Lavigne believes that she was bitten by a tick last spring. What followed was months of lightheadedness and lethargy that doctors were initially unable to diagnose. The 30-year-old performer said she recuperated in her Ontario home...",The singer had been off the scene for a while . She says she was bedridden for months . Lavigne was sometimes too weak to shower .,"Avril Lavigne says she was bedridden for five months after contracting Lyme disease . The singer says being ill was a ""wake-up call"" that has given her a new perspective . Lavigne is releasing a new single this month to support the 2015 Special Olympics .",,,,,,
28,2f6106809de41d59f422d527900a6b344174c5b2,sshleifer/distilbart-cnn-6-6,"(CNN)A trip to a former heavyweight champ's gaudy, abandoned mansion. The tallest and fastest ""giga-coaster"" in the world. A dramatic interview with a famed spiritual leader -- and the tearful reaction by one of his former students. These are some of the best videos of the week: . In the 1980s and '90s -- before he moved to Vegas and started keeping tigers as pets -- former heavyweight boxer Mike Tyson lived in a Southington, Ohio, mansion. The home featured an indoor swimming pool, a marble-and-gold Jacuzzi (with mirrored ceiling, naturally) and an entertainment room large enough for small concerts. Tyson sold the house in 1999; it's due to become, of all things, a church. The video can be seen at the top of this story. Not a fan of roller coasters? You may want to skip the next video -- but for the rest of us, the thrill of watching is the next best thing to being there. The Fury 32...",Here are six of CNN's best videos of the week . Clips include a look at Mike Tyson's abandoned mansion .,"Mike Tyson lived in a gaudy, abandoned mansion in Southington, Ohio, in the 1980s and '90s . The home featured an indoor swimming pool, a marble-and-gold Jacuzzi (with mirrored ceiling, naturally) and an entertainment room large enough for small concerts .",,,,,,
29,9a2ffa6ad643d52e6b99b0b08e497f41ba23b2b2,sshleifer/distilbart-cnn-6-6,"Washington (CNN)Israeli Prime Minister Benjamin Netanyahu criticized the deal six world powers struck to thwart Iran's nuclear ambitions, saying he sees better options than ""this bad deal or war."" ""I think there's a third alternative, and that is standing firm, ratcheting up the pressure until you get a better deal,"" Netanyahu told CNN's Jim Acosta Sunday on ""State of the Union."" His comments come as Democrats and Republicans spar over the framework announced last week to lift Western sanctions on Iran in exchange for the country dropping from 19,000 to 5,060 active centrifuges, limiting its highly enriched uranium, and increasing inspections. President Barack Obama endorsed the deal, saying it was better than the alternatives. But GOP contenders for the party's 2016 presidential nomination lambasted it, saying it gave Iran too much flexibility. On Sunday, the sparring continued. One...","Netanyahu says third option is ""standing firm"" to get a better deal . Political sparring continues in U.S. over the deal with Iran .","Israeli Prime Minister Benjamin Netanyahu says he sees better options than ""this bad deal or war"" He says Iran is a country of ""congenital cheating"" and that it can't be trusted to abide by the terms of the deal . Sen. Lindsey Graham says the best option for the U.S. is to keep current sanctions",,,,,,
30,f78024d271fd21f0667f5da6843516314af71f8f,sshleifer/distilbart-cnn-6-6,"(CNN)Standing up for what you believe. What does it cost you? What do you gain? Memories Pizza in the Indiana town of Walkerton is finding out. The family-run restaurant finds itself at the center of the debate over the state's Religious Freedom Restoration Act after its owners said they'd refuse to cater a same-sex couple's wedding. ""If a gay couple was to come and they wanted us to bring pizzas to their wedding, we'd have to say no,"" Crystal O'Connor told CNN affiliate WBND-TV in South Bend. The statement struck at the heart of fears by critics, who said the new law would allow businesses to discriminate against gays and lesbians. They called for boycotts. But supporters also rallied. And by the end of the week, they had donated more than $842,000 for the business. Social media unloaded on the pizzeria in the community of 2,100 people that few folks outside northern Indiana knew exi...",Indiana town's Memories Pizza is shut down after online threat . Its owners say they'd refuse to cater a same-sex couple's wedding .,"Memories Pizza in Walkerton, Indiana, is at the center of the debate over the state's Religious Freedom Restoration Act . The restaurant's owners said they'd refuse to cater a same-sex couple's wedding . Critics said the new law would allow businesses to discriminate against gays and lesbians . Supporters rallied to a GoFundMe page",,,,,,
31,63e19d477469e39e3fc4143919e6a5acb58dbc23,sshleifer/distilbart-cnn-6-6,"(CNN)Police in the Indian city of Malegaon, in the western state of Maharashtra, are requiring identity cards for an unusual group of residents: Cattle. Following a recent state-wide ban on the sale and consumption of beef, authorities in the city have asked residents to take a 'mugshot' of their cattle and submit it to the police. Along with the photograph, the residents have to give information about their animal's 'unique features,' such as the coloring and age of the cow, along with the length of its tail and other distinctive characteristics. Police officials believe this is the only way to solve cow slaughter cases and enforce the law. Cows are considered holy and revered by that state's majority Hindu population. ""We are creating a database. If we get an information of a cow slaughter, we can quickly go to the resident's place and check whether it is there or not"", Mahesh Sawai...","Authorities in the Indian city of Malegaon have asked residents to take a 'mugshot' of their cattle . Cows are revered by the majority Hindu population, and many parts of the country have laws banning the slaughter of cattle . Officials in Malegaon believe this is the best way to solve cow slaughter cases and enforce the law .","Police in Malegaon, in the western state of Maharashtra, have asked residents to take a 'mugshot' of their cattle and submit it to the police . Police officials believe this is the only way to solve cow slaughter cases and enforce the law . Cows are considered holy and revered by that state's majority Hindu population .",,,,,,
32,cf7094270cbb4c8fad5029bd2c2da694f1411870,sshleifer/distilbart-cnn-6-6,"(CNN)It's the kind of thing you see in movies, like Robert Redford's role in ""All Is Lost"" or Ang Lee's ""Life of Pi."" But, in real life, it's hard to swallow the idea of a single person being stranded at sea for days, weeks, if not months and somehow living to talk about it. Miracles do happen, though, and not just in Hollywood. We're not talking about people who float aimlessly or run aground after running out of gas or being let down by faltering winds only to be picked up a few hours later by the U.S. Coast Guard. Much rarer are cases in which individuals become lost at sea long enough that they run out of whatever food and drinking water they'd brought aboard, if any. In order to survive, they can't bank on technology or the proximity of a nearby city, town or boat -- but instead must rely on ingenuity, resourcefulness and luck. It's hard to say how many of these types of stories...",A South Carolina man says he spent 66 days alone at sea before being rescued . Other sole survivor stories include a Japanese man washed away by a tsunami . An El Salvador man says he drifted from Mexico to Marshall Islands over a year .,"A man says he set off on his 35-foot sailboat from South Carolina in late January . He says his boat capsize, its mast broke, and so, too, did his shoulder . He and his partner, 23-year-old Ezequiel Cordova, died because he refused to eat raw birds .",,,,,,
33,934a2d9235022c9e8a6aeec5e7e941b127569b76,sshleifer/distilbart-cnn-6-6,"(CNN)The world's biggest and most powerful physics experiment is taking place as you read this. The Large Hadron Collider (LHC), a particle accelerator and the largest machine in the world, is ready for action following a two-year shutdown. After problems that delayed the restart in March, scientists at the European Organization for Nuclear Research (CERN) completed final tests, enabling the first beams to start circulating Sunday inside the LHC's 17 mile (27 km) ring. ""Operating accelerators for the benefit of the physics community is what CERN's here for,"" CERN Director-General Rolf Heuer said on the organization's website. ""Today, CERN's heart beats once more to the rhythm of the LHC."" The LHC generates up to 600 million particles per second, with a beam circulating for 10 hours, traveling more than 6 billion miles (more than 10 billion kilometers) -- the distance from Earth to Nep...",The Large Hadron Collider (LHC) begins again after a two-year shutdown . The restart was delayed in March .,"The Large Hadron Collider (LHC) is ready for action following a two-year shutdown . The LHC generates up to 600 million particles per second, with a beam circulating for 10 hours . It took thousands of scientists, engineers and technicians decades to devise and build the particle accelerator .",,,,,,
34,82461522ee90f8f5be2ec226e2016ad40588866d,sshleifer/distilbart-cnn-6-6,"Atlanta (CNN)It was a scene worthy of any top cop show on TV -- bullets flying, banged-up cars and the FBI chasing an armed robbery suspect. In the end, two agents were injured in a crash and the suspect was shot before being captured. FBI agents and task force officers were following 36-year-old Kevone Charleston of Austell, Georgia, as he pulled into a CVS pharmacy in Forsyth County, Georgia, early Saturday. Charleston is suspected of involvement in 32 commercial robberies dating to November 2013, according to FBI officials. ""The incident all happened around 7 o'clock Saturday morning,"" said FBI Special Agent Stephen Emmett. ""There were multiple agents and officers that were following him based on his prior MO, and when they saw he was about to rob another CVS, they moved in."" Authorities say Charleston parked his vehicle nearby and then popped the hood as if there were something wr...",FBI agents and a suspected serial robber exchange gunfire in an FBI stakeout . Two FBI agents are injured and the suspect is shot during the gunfight .,"Kevone Charleston, 36, is suspected of 32 commercial robberies dating to November 2013 . FBI agents and task force officers were following him as he pulled into a CVS pharmacy in Forsyth County, Georgia, early Saturday . When agents confronted him, Charleston ran, got in his car and traveled 75 yards as agents opened fire .",,,,,,
35,37477ed1fc065f438021ee3b6d3e2b827e270353,sshleifer/distilbart-cnn-6-6,"(CNN)Sky watchers in western North America are in for a treat: a nearly five-minute total lunar eclipse this morning. Here's how it's unfolding: . It started at 3:16 a.m. Pacific Daylight Time, when the moon began moving into Earth's shadow. For the next hour and 45 minutes, that shadow will move across the moon and engulf it at 4:58 a.m. Pacific Time. The total eclipse will only last four minutes and 43 seconds, and NASA says that makes it the shortest one of the century. Watch it live on NASA TV . While people west of the Mississippi River will have the best view, at least a partial eclipse will be visible across the nation. But sunrise will interrupt the show on the East Coast. Parts of South America, India, China and Russia also will be able to see the eclipse, but it won't be visible in Greenland, Iceland, Europe, Africa or the Middle East. A lunar eclipse happens when the sun, E...","The total eclipse will only last 4 minutes and 43 seconds . People west of the Mississippi River will have the best view . Parts of South America, India, China and Russia also will see the eclipse .","The total eclipse will only last four minutes and 43 seconds . It started at 3:16 a.m. Pacific Daylight Time, when the moon began moving into Earth's shadow . At least a partial eclipse will be visible across the nation, but sunrise will interrupt the show on the East Coast .",,,,,,
36,4fbf675fb79046440d1cf01dd4fc2e505f2b5169,sshleifer/distilbart-cnn-6-6,"(CNN)The terrorist group Al-Shabaab has claimed an attack on Garissa University College in eastern Kenya, in which many people have been killed and still more taken hostage. The attack is another step in the ongoing escalation of the terrorist group's activities, and a clear indicator that the security situation in East Africa is deteriorating fast. Somalia-based Al-Shabaab has been behind a string of recent attacks in Kenya, the most well-known of them being the massacre at the Westgate Shopping Centre in Nairobi in 2013. Cross-border raids into Kenya by the group, however, date back to 2011. Al-Shabaab incursions triggered a military response by the government in Nairobi, which sent troops to Somalia as part of an African Union mission in support of Somalia's internationally recognized government that had been under pressure from Al-Shabaab and other militants for several years. Al-...","Terrorist group Al-Shabaab has attacked a Kenyan college, killing and taking hostages . It is a clear indicator the security situation in East Africa is deteriorating, says Stefan Wolff . More than military action aloe is needed to combat terrorism in the region, he says .","Al-Shabaab has claimed an attack on Garissa University College in eastern Kenya . The attack is another step in the ongoing escalation of the terrorist group's activities, says Peter Bergen . Bergen: The presence and activities of terrorist groups in the region is a major concern .",,,,,,
37,c5390093fa60d62c4dc9013977ca09a8edf7c32b,sshleifer/distilbart-cnn-6-6,"(CNN)Easter is a cornerstone event in the Christian faith, but it's surrounded by interesting quirks. It celebrates the completion of Christ's mission of salvation in the Crucifixion and Resurrection. By dying on Good Friday, Christ atoned for the sins of others; by rising from the grave on Sunday, Christ conquered death. Simple enough and reason for Christians to celebrate. But, like Christmas with its tree, ornaments and Santa Claus, Easter has picked up its peripheral trappings -- the bunny and colorful eggs. Unlike Christmas, it doesn't fall on the same day every year but shifts around in spring depending upon cosmic events. And that blood moon we just had -- is it pure coincidence that it fell around Easter? (No.) Here's a journey from the Vatican to the Holy Land, around the moon and the Earth's tilting axis, to Germany and the United States to try to explain the complex holiday...","Easter is a key event in the Christian faith, but where did the Easter Bunny come from? Why is the date different every year, and what does it have to do with the moon?","Easter is a cornerstone event in the Christian faith, but it's surrounded by interesting quirks . Like Christmas, it doesn't fall on the same day every year but shifts around in spring depending upon cosmic events . A blood moon appeared in the sky early Saturday, right between Good Friday and Easter Sunday and Passover .",,,,,,
38,58b9fcb9a3537d014d3499b0ad4d4123cfd3eac0,sshleifer/distilbart-cnn-6-6,"(CNN)After years of making the case that the education of athletes is paramount, the NCAA now says it has no legal responsibility to make sure education is actually delivered. On its website, the NCAA prominently states, ""It's our commitment -- and our responsibility -- to give young people opportunities to learn, play and succeed."" And later, it says that ""in the collegiate model of sports, the young men and women competing on the field or court are students first, athletes second."" But the NCAA is taking a very different position in response to a lawsuit filed by former University of North Carolina athletes. The lawsuit claimed the students didn't get an education because they were caught up in the largest known academic fraud scandal in NCAA history. In its response, the NCAA says it has no legal responsibility ""to ensure the academic integrity of the courses offered to student-ath...","In response to lawsuit, NCAA says it doesn't control quality of education for student-athletes . But its website emphasizes importance of education, ""opportunities to learn"" Lawsuit claims students didn't get an education because of academic fraud at UNC .","The NCAA says it has no legal responsibility to ensure the academic integrity of its student-athletes . The lawsuit was filed by former University of North Carolina athletes who were caught up in the largest known academic fraud scandal in NCAA history . ""It's nonsense. It's nonsense,"" says a former athletic-academic director who is now",,,,,,
39,44d681105bcab063dfa0c80ce9cf96393677f9cc,sshleifer/distilbart-cnn-6-6,"(CNN)A Connecticut teen who has been forced to have chemotherapy to treat Hodgkin lymphoma will remain in temporary custody of the state for the time being, according to her attorney, Josh Michtom. A Connecticut juvenile court judge issued a written decision Wednesday denying a motion to let the teen, identified in court documents as ""Cassandra C.,"" go home. The judge also denied a motion for visitation. The 17-year-old is in remission after nearly six months of forced chemo treatments. On March 16, Michtom tried to convince the court that she should be able to return to her mother's home because she was no longer at imminent risk of harm from her illness. Michtom and attorney Michael Taylor, who represents Cassandra's mother, Jackie Fortin, released a written statement after receiving the judge's decision Wednesday: ""We are disappointed in this ruling, not least of all because it dra...",Judge won't allow teen leave hospital before her last chemotherapy treatment . Attorneys for the teen are deciding whether to appeal . Cassandra C. is now in remission and is no longer opposed to the chemotherapy treatments .,A Connecticut juvenile court judge denies a motion to let Cassandra C. go home . The 17-year-old is in remission after nearly six months of forced chemo treatments . She was diagnosed with Hodgkin lymphoma in September and doctors gave her an 85% chance of survival .,,,,,,
40,a43893ac704663476a285673392de84c0c17d4e5,sshleifer/distilbart-cnn-6-6,"(CNN)Mark Ronson's ""Uptown Funk!,"" featuring Bruno Mars, is the longest-leading Billboard Hot 100 of the 2010s, ruling the chart for a 13th week. It's also just the 10th single in the Hot 100's entire history to spend at least 13 weeks at No. 1. Plus, newcomer Natalie La Rose reaches the top 10 with her debut hit ""Somebody,"" featuring Jeremih. As we do each Wednesday, let's run down all the songs in the top 10, and a bit beyond, on the sales/airplay/streaming-based Hot 100 (dated April 11). ""Funk,"" released on RCA Records, passes Robin Thicke's ""Blurred Lines,"" featuring T.I. and Pharrell to take sole possession of the Hot 100's longest command this decade. Here's an updated look at the hits to lead for the most weeks since the beginning of 2010: . Weeks at No. 1, Title, Artist, Date Reached No. 1 . 13 (to date), ""Uptown Funk!,"" Ronson feat. Mars, Jan. 17, 2015 . 12, ""Blurred Lines,""...","The song rules the chart for 13th week . It passes Robin Thicke's ""Blurred Lines"" Song three weeks from potentially tying ""One Sweet Day"" for record .","""Uptown Funk!"" is the longest-leading Billboard Hot 100 of the 2010s, ruling the chart for a 13th week . It's just the 10th single in the Hot 100's entire history to spend at least 13 weeks at No. 1 . ""Funk!"" passes Robin Thicke's ""Blurred Lines",,,,,,
41,f7c2eb465479b965669b81535234e24735915ebf,sshleifer/distilbart-cnn-6-6,"(CNN)A high temperature of 63.5 degrees Fahrenheit might sound like a pleasant day in early spring -- unless you're in Antarctica. The chilly continent recorded the temperature (15.5 degrees Celsius) on March 24, possibly the highest ever recorded on Antarctica, according to the Weather Underground. The temperature was recorded at Argentina's Esperanza Base on the northern tip of the Antarctica Peninsula, according to CNN affiliate WTNH. (Note to map lovers: The Argentine base is not geographically part of the South American continent.) The World Meteorological Organization, a specialized United Nations agency, is in the process of setting up an international ad-hoc committee of about 10 blue-ribbon climatologists and meteorologists to begin collecting relevant evidence, said Randy Cerveny, the agency's lead rapporteur of weather and climate extremes and Arizona State University profe...",High temperatures are recorded on the northern tip of the Antarctica Peninsula . The World Meteorological Organization will make the final determination .,The temperature was recorded at Argentina's Esperanza Base on the northern tip of the Antarctica Peninsula . The World Meteorological Organization is in the process of setting up an international ad-hoc committee of about 10 blue-ribbon climatologists and meteorologists . The committee will examine the equipment used to measure the temperature .,,,,,,
42,e8c90d557031700caa1afb66dfc85358ef719108,sshleifer/distilbart-cnn-6-6,"(CNN)The United States has seemingly erupted this week about what it means to live your religion, especially in Indiana, where its new Religious Freedom Restoration Act faces a firestorm from critics who say it uses faith as a pretext to discriminate against gay people. Such state laws have been growing ever since the U.S. Religious Freedom Restoration Act became law in 1993, designed to prohibit the federal government from ""substantially burdening"" a person's exercise of religion. So far, 20 states have some version of the religious liberty law, and the legal controversies have grown, too. Nonetheless, claims under those state RFRAs are ""exceedingly rare,"" and victories involved mostly religious minorities, not Christian denominations, experts say. ""There is reason to doubt whether these state-level religious liberty provisions truly provide meaningful protections for religious belie...",A Native American from a tribe not recognized by the feds wins the return of his eagle feathers . An IRS accountant is fired for insisting on carrying a symbolic Sikh knife to work . A group of Chicago pastors takes on City Hall over its permits for new churches and loses .,"Indiana's new Religious Freedom Restoration Act faces a firestorm from critics who say it uses faith as a pretext to discriminate against gay people . Such state laws have been growing ever since the federal law became law in 1993 . So far, 20 states have some version of the religious liberty law, and the legal controversies have grown, too",,,,,,
43,c71b08cede3b6edb662a2f2c95f8b543fa65e405,sshleifer/distilbart-cnn-6-6,"Atlanta (CNN)Robert Lewis Burns Jr., the original drummer in Southern rock band Lynyrd Skynyrd, died Friday night in a car crash, a Georgia State Patrol spokesman said. Burns, 64, died after his car hit a mailbox and a tree in Cartersville, spokesman James Tallent said. No other cars were involved in the crash, which occurred shortly before midnight. ""He was not restrained at the time of the crash,"" Tallent told CNN. The musician lived in northern Georgia. Burns was part of the genre-defining band's original lineup, which formed in Jacksonville, Florida, in 1965. Lead singer Ronnie Van Zant started Noble Five with Burns, guitarists Gary Rossington and Allen Collins and bassist Larry Junstrom in their hometown. It then made a name change in a reference to a high school gym teacher. Lynyrd Skynyrd changed members over the years as it produced rock anthems including ""Sweet Home Alabama""...",Robert Lewis Burns Jr. was part of Lynyrd Skynyrd's original lineup . His car hit a mailbox and a tree just before midnight .,"Robert Lewis Burns Jr. was the original drummer in Southern rock band Lynyrd Skynyrd . He died after his car hit a mailbox and a tree in Cartersville, Georgia . No other cars were involved in the crash, which occurred shortly before midnight .",,,,,,
44,f9f5d81bc74d6cf6d713d6fa6be4a30427b46e68,sshleifer/distilbart-cnn-6-6,"Seoul, South Korea (CNN)The man accused of stabbing U.S. Ambassador Mark Lippert in Seoul last month is now charged with attempted murder, a South Korean court official said Wednesday. Kim Ki-Jong has also been charged with assaulting a foreign envoy and business obstruction, the Seoul Central District Court official said. According to South Korean law, Kim's trial must begin within 14 days of receiving today's indictment. Lippert was stabbed March 5 during an event organized by the Korean Council for Reconciliation and Cooperation, which advocates peaceful reunification between North and South Korea. Shortly before Lippert was supposed to give a speech, the attacker slashed him in the face and jaw. The ambassador suffered a gash from his right cheekbone to his lower jaw that required 80 stitches. That wound measured 10 centimeters (4 inches) long and 2.5 centimeters (1 inch) deep, bu...",Kim Ki-Jong is charged with attempted murder and assaulting a foreign envoy . He's accused of stabbing U.S. Ambassador Mark Lippert in the face and arm . Police said Kim opposed the joint U.S.-South Korean military drills .,Kim Ki-Jong has also been charged with assaulting a foreign envoy and business obstruction . Lippert was stabbed March 5 during an event organized by the Korean Council for Reconciliation and Cooperation . He suffered a gash from his right cheekbone to his lower jaw that required 80 stitches .,,,,,,
45,32a7125a655a052b3ea62350a8e02f0245cc220e,sshleifer/distilbart-cnn-6-6,"(CNN)When Hong Kong police answered a call in the early hours of a Saturday morning last November, they encountered a grisly scene and an alleged crime that shocked the city. One woman was lying on the floor with cuts to her neck and buttocks. Another was stuffed inside a suitcase on the balcony. A former banker, 29-year-old Briton Rurik Jutting, was charged with two counts of murder. On Thursday, a court hearing that was to determine whether there was enough evidence to proceed to trial was adjourned until May. Here's what we know so far about the victims and their alleged attacker. Jutting allegedly lived at the murder scene, an upmarket apartment in the middle of Wan Chai, an inner-city suburb that's home to an eclectic mix of late-night bars, residential tower blocks and local markets selling groceries and assorted cheap goods. In the early hours of Saturday morning, November 1, p...",Hong Kong banker alleged murder case adjourned until May . The 29-year-old Rurik Jutting is accused of killing two Indonesian domestic workers .,"Rurik Jutting, 29, is charged with two counts of murder in Hong Kong . A court hearing to determine whether there was enough evidence to proceed to trial was adjourned until May . The victims' bodies were buried after being repatriated to Indonesia in November .",,,,,,
46,38a207accfb31afc694f16531d23d2cda79ac85d,sshleifer/distilbart-cnn-6-6,"(CNN)""Jake the dog and Finn the human. The fun will never end. Adventure Time."" So begins the dreamy theme song intro to the strangely addictive Cartoon Network TV show that's centered around psychedelic characters like the Ice King, Marceline the Vampire Queen and, of course, Jake and Finn. Now, mega-fans of the hit show can experience ""Adventure Time"" in the skies. Thai Smile, a subsidiary of Thailand flag carrier Thai Airways, on Thursday unveiled colorful new livery featuring Jake, Finn and the beloved Princess Bubblegum sprawled across an Airbus A320 at Bangkok's Suvarnabhumi International Airport. The interior of the plane also has an Adventure Time theme, with overhead bins, head rests and even air sickness bags covered in the faces of characters from the show. Airlines show off their new flying colors . The Adventure Time plane is the result of a partnership between Thai Airwa...","Thai Airways subsidiary Thai Smile features Cartoon Network paint job on A320 jet . Overhead bins, head rests and air sick bags feature characters from Cartoon Network .","Thai Smile, a subsidiary of Thailand flag carrier Thai Airways, unveiled colorful new livery on Thursday . The inaugural flight takes place on April 4, heading from Bangkok to Phuket . The interior of the plane also has an Adventure Time theme, with overhead bins, head rests and even air sickness bags covered in the faces of",,,,,,
47,9bea5cbe9a0184eec4086a08452066dead185173,sshleifer/distilbart-cnn-6-6,"(CNN)Imprisoned soldier Chelsea Manning can now communicate with the world -- in 140 characters or less. Manning, who is serving a 35-year prison sentence for leaking thousands of classified documents, appears to have joined Twitter this week. In a series of tweets, the prisoner formerly known as Bradley Manning said she will be using a voice phone to dictate her tweets to communications firm Fitzgibbon Media, which will post them on her behalf. She is not allowed Internet access in prison, according to The Guardian. ""It will be hard, but I don't want this Twitter feed to be a one-way street/conversation,"" Manning posted to her nearly 26,000-plus followers. Manning was sentenced in 2013, and in August of that year, she said she wanted to transition to a female. The Fort Leavenworth Disciplinary Barracks in Kansas, where she is serving her sentence, has authorized hormone therapy for h...",Manning is serving a 35-year sentence for leaking thousands of classified documents . She says she will be using a voice phone to dictate her tweets .,"Manning is serving a 35-year prison sentence for leaking thousands of classified documents . The former Army intelligence analyst was convicted of stealing and disseminating 750,000 pages of documents and videos to WikiLeaks . She was sentenced in 2013, and in August of that year, she said she wanted to transition to a female .",,,,,,
48,a2ee2faeb2dc4e5eab43b1d14233c4ac658f0a8f,sshleifer/distilbart-cnn-6-6,"(CNN)President Barack Obama tied himself to the mast of a nuclear deal with Iran even before he became the Democratic candidate for president. Reaching a good, solid agreement with Iran is a worthy, desirable goal. But the process has unfolded under the destructive influence of political considerations, weakening America's hand and strengthening Iran. Obama's political standing and his historic legacy in foreign policy are so deeply intertwined with reaching an accord with Iran that if the deal ultimately collapses, he may fear that historians will conclude that his legacy in global affairs collapsed with it. There is a reason one gets the feeling that it is the United States and not Iran that is the more eager, even desperate, side in these talks, even though Iran is the country whose economy was sent into a deep chill by international sanctions; the country whose only significant ex...","Frida Ghitis: President Barack Obama is right to want a deal, but this one gives Iran too much . She says the framework agreement starts lifting Iran sanctions much too soon .","President Obama tied himself to the mast of a nuclear deal with Iran even before he became the Democratic candidate for president . Frida Ghitis: The process has unfolded under the destructive influence of political considerations, weakening America's hand and strengthening Iran . She says Obama has a huge political stake in these negotiations; few believe he has a credible Plan B .",,,,,,
49,fd0e8622b9ee38d1d6fff2fff59f0566f1a2f8f7,sshleifer/distilbart-cnn-6-6,"(CNN)Universal's ""Furious 7"" continues to build momentum at the Friday box office for a weekend debut in the $135 million-$138 million range, the largest opening in North America since fall 2013. That includes a projected Friday take of $58 million-$60 million. The final film featuring the late Paul Walker, ""Furious 7"" is opening around the globe this weekend and earned a record-breaking $60 million internationally on Wednesday and Thursday for a possible worldwide debut approaching or crossing $300 million by the end of Easter Sunday. ""Furious 7"" is getting the widest release in Universal's history. Domestically, it will be playing in 4,003 theaters by Good Friday. Internationally, it has booked more than 10,500 screens in 63 territories, although it won't open in China, Japan and Russia until later. The current record-holder for top April opening domestically is ""Captain America: Th...","The final film featuring the late Paul Walker, ""Furious 7"" is opening around the globe this weekend . It's worldwide debut may approach or cross $300 million by the end of Easter Sunday .","""Furious 7"" is getting the widest release in Universal's history . It will be playing in 4,003 theaters by Good Friday . It's the largest opening in North America since fall 2013 . It has booked more than 10,500 screens in 63 territories, although it won't open in China, Japan and Russia until",,,,,,
50,6302a6cf8564e4bb4753e2dc3dae328f13edae50,sshleifer/distilbart-cnn-6-6,"(CNN)Deion Sanders is such a dad. The NFL legend called out Deion Sanders Jr. on Twitter for saying he only eats ""hood doughnuts."" In response, the elder Sanders -- in front of his 912,000 followers -- reminded his son he has a trust fund, a condo and his own clothing line called ""Well Off."" ""You're a Huxtable with a million $ trust fund. Stop the hood stuff!"" Sanders followed it up with another tweet that included the hashtags #versacesheets #Huxtable and #Trustfund. Junior is a wide receiver at Southern Methodist University, an aspiring entrepreneur and occasional rapper. His Twitter timeline is a mix of biblical verses, motivational quotes and references to sports, cars, school and Balenciaga shoes. He also has gone on record with his love for ""hood doughnuts,"" or confections from ""a place in the hood,"" saying ""if my doughnuts don't come in a plain white box, I don't want them!"" Hi...","Deion Sanders calls out son for ""hood doughnuts"" comments . ""You're a Huxtable with a million $ trust fund. Stop the hood stuff!""","Deion Sanders Jr. is a wide receiver at Southern Methodist University, an aspiring entrepreneur and occasional rapper . His Twitter timeline is a mix of biblical verses, motivational quotes and references to sports, cars, school and Balenciaga shoes . He has gone on record with his love for ""hood doughnuts,"" or confect",,,,,,
